Experiment,Dataset,Records,Method,Parallelism,Run,Execution_Time,Throughput
Dataset Scaling,10K,10000,Sequential Python,1,1,0.04784729999664705,208998.2088999956
Dataset Scaling,10K,10000,Sequential Python,1,2,0.04753989999881014,210349.62211216864
Dataset Scaling,10K,10000,Sequential Python,1,3,0.059110900008818135,169173.5364967917
Dataset Scaling,10K,10000,Sequential Python,1,4,0.05669339999440126,176387.37491467345
Dataset Scaling,10K,10000,Sequential Python,1,5,0.06867549999151379,145612.33629512266
Dataset Scaling,10K,10000,Spark,2,1,1.4158617999928538,7062.836217525236
Dataset Scaling,10K,10000,Spark,2,2,1.4235356999997748,7024.762357559127
Dataset Scaling,10K,10000,Spark,2,3,1.3939209000091068,7174.0082238057175
Dataset Scaling,10K,10000,Spark,2,4,1.3706355999893276,7295.885208349954
Dataset Scaling,10K,10000,Spark,2,5,1.418942899996182,7047.499938177151
Dataset Scaling,100K,100000,Sequential Python,1,1,0.4732802000071388,211291.3238256991
Dataset Scaling,100K,100000,Sequential Python,1,2,0.5916075999994064,169030.9590345025
Dataset Scaling,100K,100000,Sequential Python,1,3,0.6355032999999821,157355.59516371167
Dataset Scaling,100K,100000,Sequential Python,1,4,0.6005188000126509,166522.68005247018
Dataset Scaling,100K,100000,Sequential Python,1,5,0.5978300999995554,167271.6044241907
Dataset Scaling,100K,100000,Spark,2,1,2.837573299999349,35241.380372455205
Dataset Scaling,100K,100000,Spark,2,2,2.8556024999998044,35018.87955344165
Dataset Scaling,100K,100000,Spark,2,3,2.8356198000110453,35265.658675260514
Dataset Scaling,100K,100000,Spark,2,4,2.813415700002224,35543.98306653401
Dataset Scaling,100K,100000,Spark,2,5,2.553240699999151,39165.91177636846
Dataset Scaling,500K,500000,Sequential Python,1,1,2.94147749998956,169982.6022812599
Dataset Scaling,500K,500000,Sequential Python,1,2,3.1111507000023266,160712.24065090323
Dataset Scaling,500K,500000,Sequential Python,1,3,2.8592889999999898,174868.6474154945
Dataset Scaling,500K,500000,Sequential Python,1,4,3.124372400008724,160032.1395742082
Dataset Scaling,500K,500000,Sequential Python,1,5,3.162015699999756,158126.98210196698
Dataset Scaling,500K,500000,Spark,2,1,6.569301900002756,76111.58805166044
Dataset Scaling,500K,500000,Spark,2,2,6.9929652999999234,71500.42629269238
Dataset Scaling,500K,500000,Spark,2,3,6.846118099987507,73034.08920172037
Dataset Scaling,500K,500000,Spark,2,4,6.819371500008856,73320.53987663683
Dataset Scaling,500K,500000,Spark,2,5,6.9021484999975655,72441.2116024708
Dataset Scaling,1M,1000000,Sequential Python,1,1,6.0241762999939965,165997.79790657797
Dataset Scaling,1M,1000000,Sequential Python,1,2,6.232151699994574,160458.22504623412
Dataset Scaling,1M,1000000,Sequential Python,1,3,6.114779600000475,163538.19195706127
Dataset Scaling,1M,1000000,Sequential Python,1,4,6.049263000008068,165309.39388792755
Dataset Scaling,1M,1000000,Sequential Python,1,5,6.281784100006917,159190.4440012351
Dataset Scaling,1M,1000000,Spark,2,1,11.91070249999757,83958.10406650692
Dataset Scaling,1M,1000000,Spark,2,2,12.238136600004509,81711.78609001893
Dataset Scaling,1M,1000000,Spark,2,3,12.209209399996325,81905.38529057425
Dataset Scaling,1M,1000000,Spark,2,4,12.03682339999068,83078.39757795019
Dataset Scaling,1M,1000000,Spark,2,5,11.763416200003121,85009.31897655161
Dataset Scaling,5M,5000000,Sequential Python,1,1,31.498046599997906,158740.00262607817
Dataset Scaling,5M,5000000,Sequential Python,1,2,31.023955800003023,161165.7788656182
Dataset Scaling,5M,5000000,Sequential Python,1,3,30.827299700002186,162193.9011414498
Dataset Scaling,5M,5000000,Sequential Python,1,4,30.86672869999893,161986.71548890678
Dataset Scaling,5M,5000000,Sequential Python,1,5,30.89994730000035,161812.5737062323
Dataset Scaling,5M,5000000,Spark,2,1,52.559907699993346,95129.54300718136
Dataset Scaling,5M,5000000,Spark,2,2,51.317213000002084,97433.19458910983
Dataset Scaling,5M,5000000,Spark,2,3,50.48517620000348,99038.97294904669
Dataset Scaling,5M,5000000,Spark,2,4,51.17462190000515,97704.67888888295
Dataset Scaling,5M,5000000,Spark,2,5,50.9151167999953,98202.66188607588
Parallelism,5M,5000000,Spark,1,1,75.35468950000359,66352.87111095802
Parallelism,5M,5000000,Spark,1,2,76.76899309999135,65130.46215791208
Parallelism,5M,5000000,Spark,1,3,77.30124210000213,64682.013693022694
Parallelism,5M,5000000,Spark,1,4,77.55710599999293,64468.62522178762
Parallelism,5M,5000000,Spark,1,5,87.18935580000107,57346.44962246571
Parallelism,5M,5000000,Spark,2,1,52.559907699993346,95129.54300718136
Parallelism,5M,5000000,Spark,2,2,51.317213000002084,97433.19458910983
Parallelism,5M,5000000,Spark,2,3,50.48517620000348,99038.97294904669
Parallelism,5M,5000000,Spark,2,4,51.17462190000515,97704.67888888295
Parallelism,5M,5000000,Spark,2,5,50.9151167999953,98202.66188607588
Parallelism,5M,5000000,Spark,4,1,36.72989159999997,136128.90706162617
Parallelism,5M,5000000,Spark,4,2,32.56326350000745,153547.26346758383
Parallelism,5M,5000000,Spark,4,3,31.1116134999902,160711.69050751982
Parallelism,5M,5000000,Spark,4,4,31.322612300005858,159629.08687533272
Parallelism,5M,5000000,Spark,4,5,33.680782700001146,148452.60707079203
Parallelism,5M,5000000,Spark,8,1,30.728103300003568,162717.49516018515
Parallelism,5M,5000000,Spark,8,2,45.719547999993665,109362.41101947667
Parallelism,5M,5000000,Spark,8,3,72.6023961000028,68868.25047912994
Parallelism,5M,5000000,Spark,8,4,73.78911719999451,67760.66972651587
Parallelism,5M,5000000,Spark,8,5,74.32200310000917,67274.82833410586
